creation_time,end_time,src_ip,src_ip_country_code,protocol,response.code,dst_port,dst_ip
2024-04-25T23:00:00Z,2024-04-25T23:10:00Z,147.161.161.82,AE,HTTPS,200,443,10.138.69.97
2024-04-25T23:00:00Z,2024-04-25T23:10:00Z,165.225.33.6,US,HTTPS,200,443,10.138.69.97
2024-04-25T23:00:00Z,2024-04-25T23:10:00Z,165.225.212.255,CA,HTTPS,200,443,10.138.69.97
2024-04-25T23:00:00Z,2024-04-25T23:10:00Z,136.226.64.114,US,HTTPS,200,443,10.138.69.97
2024-04-25T23:00:00Z,2024-04-25T23:10:00Z,165.225.240.79,NL,HTTPS,200,443,10.138.69.97
2024-04-25T23:00:00Z,2024-04-25T23:10:00Z,136.226.77.103,CA,HTTPS,200,443,10.138.69.97
2024-04-25T23:00:00Z,2024-04-25T23:10:00Z,165.225.26.101,DE,HTTPS,200,443,10.138.69.97
2024-04-25T23:00:00Z,2024-04-25T23:10:00Z,155.91.45.242,US,HTTPS,200,443,10.138.69.97
2024-04-25T23:00:00Z,2024-04-25T23:10:00Z,165.225.209.4,CA,HTTPS,200,443,10.138.69.97
2024-04-25T23:00:00Z,2024-04-25T23:10:00Z,147.161.131.1,AT,HTTPS,200,443,10.138.69.97
2024-04-25T23:10:00Z,2024-04-25T23:20:00Z,165.225.33.6,US,HTTPS,200,443,10.138.69.97
2024-04-25T23:10:00Z,2024-04-25T23:20:00Z,136.226.67.101,US,HTTPS,200,443,10.138.69.97
2024-04-25T23:10:00Z,2024-04-25T23:20:00Z,165.225.212.255,CA,HTTPS,200,443,10.138.69.97
2024-04-25T23:10:00Z,2024-04-25T23:20:00Z,136.226.64.114,US,HTTPS,200,443,10.138.69.97
2024-04-25T23:10:00Z,2024-04-25T23:20:00Z,94.188.248.74,IL,HTTPS,200,443,10.138.69.97
2024-04-25T23:10:00Z,2024-04-25T23:20:00Z,165.225.240.79,NL,HTTPS,200,443,10.138.69.97
2024-04-25T23:10:00Z,2024-04-25T23:20:00Z,136.226.77.103,CA,HTTPS,200,443,10.138.69.97
2024-04-25T23:10:00Z,2024-04-25T23:20:00Z,165.225.26.101,DE,HTTPS,200,443,10.138.69.97
2024-04-25T23:10:00Z,2024-04-25T23:20:00Z,155.91.45.242,US,HTTPS,200,443,10.138.69.97
2024-04-25T23:10:00Z,2024-04-25T23:20:00Z,165.225.209.4,CA,HTTPS,200,443,10.138.69.97
2024-04-25T23:10:00Z,2024-04-25T23:20:00Z,147.161.131.1,AT,HTTPS,200,443,10.138.69.97
2024-04-25T23:20:00Z,2024-04-25T23:30:00Z,165.225.33.6,US,HTTPS,200,443,10.138.69.97
2024-04-25T23:20:00Z,2024-04-25T23:30:00Z,136.226.67.101,US,HTTPS,200,443,10.138.69.97
2024-04-25T23:20:00Z,2024-04-25T23:30:00Z,165.225.213.7,CA,HTTPS,200,443,10.138.69.97
2024-04-25T23:20:00Z,2024-04-25T23:30:00Z,136.226.64.114,US,HTTPS,200,443,10.138.69.97
2024-04-25T23:20:00Z,2024-04-25T23:30:00Z,165.225.240.79,NL,HTTPS,200,443,10.138.69.97
2024-04-25T23:20:00Z,2024-04-25T23:30:00Z,165.225.8.79,US,HTTPS,200,443,10.138.69.97
2024-04-25T23:20:00Z,2024-04-25T23:30:00Z,165.225.26.101,DE,HTTPS,200,443,10.138.69.97
2024-04-25T23:20:00Z,2024-04-25T23:30:00Z,165.225.209.4,CA,HTTPS,200,443,10.138.69.97
2024-04-25T23:20:00Z,2024-04-25T23:30:00Z,147.161.131.1,AT,HTTPS,200,443,10.138.69.97
2024-04-25T23:20:00Z,2024-04-25T23:30:00Z,136.226.80.97,US,HTTPS,200,443,10.138.69.97
2024-04-25T23:20:00Z,2024-04-25T23:30:00Z,192.241.230.19,US,HTTPS,200,443,10.138.69.97
2024-04-25T23:30:00Z,2024-04-25T23:40:00Z,136.226.67.101,US,HTTPS,200,443,10.138.69.97
2024-04-25T23:30:00Z,2024-04-25T23:40:00Z,165.225.212.255,CA,HTTPS,200,443,10.138.69.97
2024-04-25T23:30:00Z,2024-04-25T23:40:00Z,136.226.77.103,CA,HTTPS,200,443,10.138.69.97
2024-04-25T23:30:00Z,2024-04-25T23:40:00Z,165.225.26.101,DE,HTTPS,200,443,10.138.69.97
2024-04-25T23:30:00Z,2024-04-25T23:40:00Z,155.91.45.242,US,HTTPS,200,443,10.138.69.97
2024-04-25T23:30:00Z,2024-04-25T23:40:00Z,165.225.209.4,CA,HTTPS,200,443,10.138.69.97
2024-04-25T23:30:00Z,2024-04-25T23:40:00Z,136.226.80.97,US,HTTPS,200,443,10.138.69.97
2024-04-25T23:30:00Z,2024-04-25T23:40:00Z,192.241.230.19,US,HTTPS,200,443,10.138.69.97
2024-04-25T23:40:00Z,2024-04-25T23:50:00Z,165.225.33.6,US,HTTPS,200,443,10.138.69.97
2024-04-25T23:40:00Z,2024-04-25T23:50:00Z,136.226.67.101,US,HTTPS,200,443,10.138.69.97
2024-04-25T23:40:00Z,2024-04-25T23:50:00Z,165.225.212.255,CA,HTTPS,200,443,10.138.69.97
2024-04-25T23:40:00Z,2024-04-25T23:50:00Z,165.225.240.79,NL,HTTPS,200,443,10.138.69.97
2024-04-25T23:40:00Z,2024-04-25T23:50:00Z,94.188.248.74,IL,HTTPS,200,443,10.138.69.97
2024-04-25T23:40:00Z,2024-04-25T23:50:00Z,136.226.77.103,CA,HTTPS,200,443,10.138.69.97
2024-04-25T23:40:00Z,2024-04-25T23:50:00Z,165.225.26.101,DE,HTTPS,200,443,10.138.69.97
2024-04-25T23:40:00Z,2024-04-25T23:50:00Z,155.91.45.242,US,HTTPS,200,443,10.138.69.97
2024-04-25T23:40:00Z,2024-04-25T23:50:00Z,165.225.209.4,CA,HTTPS,200,443,10.138.69.97
2024-04-25T23:50:00Z,2024-04-26T00:00:00Z,165.225.33.6,US,HTTPS,200,443,10.138.69.97
2024-04-25T23:50:00Z,2024-04-26T00:00:00Z,136.226.67.101,US,HTTPS,200,443,10.138.69.97
2024-04-25T23:50:00Z,2024-04-26T00:00:00Z,165.225.213.7,CA,HTTPS,200,443,10.138.69.97
2024-04-25T23:50:00Z,2024-04-26T00:00:00Z,165.225.240.79,NL,HTTPS,200,443,10.138.69.97
2024-04-25T23:50:00Z,2024-04-26T00:00:00Z,165.225.26.101,DE,HTTPS,200,443,10.138.69.97
2024-04-25T23:50:00Z,2024-04-26T00:00:00Z,155.91.45.242,US,HTTPS,200,443,10.138.69.97
2024-04-25T23:50:00Z,2024-04-26T00:00:00Z,165.225.209.4,CA,HTTPS,200,443,10.138.69.97
2024-04-25T23:50:00Z,2024-04-26T00:00:00Z,147.161.131.1,AT,HTTPS,200,443,10.138.69.97
2024-04-25T23:50:00Z,2024-04-26T00:00:00Z,136.226.80.97,US,HTTPS,200,443,10.138.69.97
2024-04-26T00:00:00Z,2024-04-26T00:10:00Z,147.161.161.82,AE,HTTPS,200,443,10.138.69.97
2024-04-26T00:00:00Z,2024-04-26T00:10:00Z,165.225.33.6,US,HTTPS,200,443,10.138.69.97
2024-04-26T00:00:00Z,2024-04-26T00:10:00Z,136.226.67.101,US,HTTPS,200,443,10.138.69.97
2024-04-26T00:00:00Z,2024-04-26T00:10:00Z,165.225.212.255,CA,HTTPS,200,443,10.138.69.97
2024-04-26T00:00:00Z,2024-04-26T00:10:00Z,94.188.248.74,IL,HTTPS,200,443,10.138.69.97
2024-04-26T00:00:00Z,2024-04-26T00:10:00Z,165.225.26.101,DE,HTTPS,200,443,10.138.69.97
2024-04-26T00:00:00Z,2024-04-26T00:10:00Z,155.91.45.242,US,HTTPS,200,443,10.138.69.97
2024-04-26T00:00:00Z,2024-04-26T00:10:00Z,165.225.209.4,CA,HTTPS,200,443,10.138.69.97
2024-04-26T00:10:00Z,2024-04-26T00:20:00Z,147.161.161.82,AE,HTTPS,200,443,10.138.69.97
2024-04-26T00:10:00Z,2024-04-26T00:20:00Z,136.226.67.101,US,HTTPS,200,443,10.138.69.97
2024-04-26T00:10:00Z,2024-04-26T00:20:00Z,165.225.213.7,CA,HTTPS,200,443,10.138.69.97
2024-04-26T00:10:00Z,2024-04-26T00:20:00Z,136.226.64.114,US,HTTPS,200,443,10.138.69.97
2024-04-26T00:10:00Z,2024-04-26T00:20:00Z,165.225.240.79,NL,HTTPS,200,443,10.138.69.97
2024-04-26T00:10:00Z,2024-04-26T00:20:00Z,94.188.248.74,IL,HTTPS,200,443,10.138.69.97
2024-04-26T00:10:00Z,2024-04-26T00:20:00Z,165.225.26.101,DE,HTTPS,200,443,10.138.69.97
2024-04-26T00:10:00Z,2024-04-26T00:20:00Z,155.91.45.242,US,HTTPS,200,443,10.138.69.97
2024-04-26T00:10:00Z,2024-04-26T00:20:00Z,165.225.209.4,CA,HTTPS,200,443,10.138.69.97
2024-04-26T00:10:00Z,2024-04-26T00:20:00Z,147.161.131.1,AT,HTTPS,200,443,10.138.69.97
2024-04-26T00:20:00Z,2024-04-26T00:30:00Z,147.161.161.82,AE,HTTPS,200,443,10.138.69.97
2024-04-26T00:20:00Z,2024-04-26T00:30:00Z,136.226.67.101,US,HTTPS,200,443,10.138.69.97
2024-04-26T00:20:00Z,2024-04-26T00:30:00Z,165.225.212.255,CA,HTTPS,200,443,10.138.69.97
2024-04-26T00:20:00Z,2024-04-26T00:30:00Z,165.225.240.79,NL,HTTPS,200,443,10.138.69.97
2024-04-26T00:20:00Z,2024-04-26T00:30:00Z,94.188.248.74,IL,HTTPS,200,443,10.138.69.97
2024-04-26T00:20:00Z,2024-04-26T00:30:00Z,136.226.77.103,CA,HTTPS,200,443,10.138.69.97
2024-04-26T00:20:00Z,2024-04-26T00:30:00Z,165.225.26.101,DE,HTTPS,200,443,10.138.69.97
2024-04-26T00:20:00Z,2024-04-26T00:30:00Z,165.225.209.4,CA,HTTPS,200,443,10.138.69.97
2024-04-26T00:30:00Z,2024-04-26T00:40:00Z,147.161.161.82,AE,HTTPS,200,443,10.138.69.97
2024-04-26T00:30:00Z,2024-04-26T00:40:00Z,136.226.67.101,US,HTTPS,200,443,10.138.69.97
2024-04-26T00:30:00Z,2024-04-26T00:40:00Z,165.225.212.255,CA,HTTPS,200,443,10.138.69.97
2024-04-26T00:30:00Z,2024-04-26T00:40:00Z,165.225.240.79,NL,HTTPS,200,443,10.138.69.97
2024-04-26T00:30:00Z,2024-04-26T00:40:00Z,94.188.248.74,IL,HTTPS,200,443,10.138.69.97
2024-04-26T00:30:00Z,2024-04-26T00:40:00Z,165.225.26.101,DE,HTTPS,200,443,10.138.69.97
2024-04-26T00:30:00Z,2024-04-26T00:40:00Z,155.91.45.242,US,HTTPS,200,443,10.138.69.97
2024-04-26T00:30:00Z,2024-04-26T00:40:00Z,165.225.209.4,CA,HTTPS,200,443,10.138.69.97
2024-04-26T00:30:00Z,2024-04-26T00:40:00Z,147.161.131.1,AT,HTTPS,200,443,10.138.69.97
2024-04-26T00:40:00Z,2024-04-26T00:50:00Z,165.225.33.6,US,HTTPS,200,443,10.138.69.97
2024-04-26T00:40:00Z,2024-04-26T00:50:00Z,136.226.67.101,US,HTTPS,200,443,10.138.69.97
2024-04-26T00:40:00Z,2024-04-26T00:50:00Z,165.225.212.255,CA,HTTPS,200,443,10.138.69.97
2024-04-26T00:40:00Z,2024-04-26T00:50:00Z,136.226.64.114,US,HTTPS,200,443,10.138.69.97
2024-04-26T00:40:00Z,2024-04-26T00:50:00Z,165.225.240.79,NL,HTTPS,200,443,10.138.69.97
2024-04-26T00:40:00Z,2024-04-26T00:50:00Z,165.225.8.79,US,HTTPS,200,443,10.138.69.97
2024-04-26T00:40:00Z,2024-04-26T00:50:00Z,136.226.77.103,CA,HTTPS,200,443,10.138.69.97
2024-04-26T00:40:00Z,2024-04-26T00:50:00Z,165.225.26.101,DE,HTTPS,200,443,10.138.69.97
2024-04-26T00:40:00Z,2024-04-26T00:50:00Z,155.91.45.242,US,HTTPS,200,443,10.138.69.97
2024-04-26T00:40:00Z,2024-04-26T00:50:00Z,165.225.209.4,CA,HTTPS,200,443,10.138.69.97
2024-04-26T00:50:00Z,2024-04-26T01:00:00Z,165.225.33.6,US,HTTPS,200,443,10.138.69.97
2024-04-26T00:50:00Z,2024-04-26T01:00:00Z,165.225.212.255,CA,HTTPS,200,443,10.138.69.97
2024-04-26T00:50:00Z,2024-04-26T01:00:00Z,136.226.77.103,CA,HTTPS,200,443,10.138.69.97
2024-04-26T00:50:00Z,2024-04-26T01:00:00Z,165.225.26.101,DE,HTTPS,200,443,10.138.69.97
2024-04-26T00:50:00Z,2024-04-26T01:00:00Z,155.91.45.242,US,HTTPS,200,443,10.138.69.97
2024-04-26T00:50:00Z,2024-04-26T01:00:00Z,165.225.209.4,CA,HTTPS,200,443,10.138.69.97
2024-04-26T01:00:00Z,2024-04-26T01:10:00Z,147.161.161.82,AE,HTTPS,200,443,10.138.69.97
2024-04-26T01:00:00Z,2024-04-26T01:10:00Z,136.226.67.101,US,HTTPS,200,443,10.138.69.97
2024-04-26T01:00:00Z,2024-04-26T01:10:00Z,165.225.212.255,CA,HTTPS,200,443,10.138.69.97
2024-04-26T01:00:00Z,2024-04-26T01:10:00Z,94.188.248.74,IL,HTTPS,200,443,10.138.69.97
2024-04-26T01:00:00Z,2024-04-26T01:10:00Z,136.226.77.103,CA,HTTPS,200,443,10.138.69.97
2024-04-26T01:00:00Z,2024-04-26T01:10:00Z,165.225.8.79,US,HTTPS,200,443,10.138.69.97
2024-04-26T01:00:00Z,2024-04-26T01:10:00Z,165.225.26.101,DE,HTTPS,200,443,10.138.69.97
2024-04-26T01:00:00Z,2024-04-26T01:10:00Z,155.91.45.242,US,HTTPS,200,443,10.138.69.97
2024-04-26T01:00:00Z,2024-04-26T01:10:00Z,165.225.209.4,CA,HTTPS,200,443,10.138.69.97
2024-04-26T01:00:00Z,2024-04-26T01:10:00Z,147.161.131.1,AT,HTTPS,200,443,10.138.69.97
2024-04-26T01:10:00Z,2024-04-26T01:20:00Z,136.226.67.101,US,HTTPS,200,443,10.138.69.97
2024-04-26T01:10:00Z,2024-04-26T01:20:00Z,165.225.213.7,CA,HTTPS,200,443,10.138.69.97
2024-04-26T01:10:00Z,2024-04-26T01:20:00Z,94.188.248.74,IL,HTTPS,200,443,10.138.69.97
2024-04-26T01:10:00Z,2024-04-26T01:20:00Z,136.226.77.103,CA,HTTPS,200,443,10.138.69.97
2024-04-26T01:10:00Z,2024-04-26T01:20:00Z,165.225.8.79,US,HTTPS,200,443,10.138.69.97
2024-04-26T01:10:00Z,2024-04-26T01:20:00Z,165.225.26.101,DE,HTTPS,200,443,10.138.69.97
2024-04-26T01:10:00Z,2024-04-26T01:20:00Z,155.91.45.242,US,HTTPS,200,443,10.138.69.97
2024-04-26T01:10:00Z,2024-04-26T01:20:00Z,165.225.209.4,CA,HTTPS,200,443,10.138.69.97
2024-04-26T01:10:00Z,2024-04-26T01:20:00Z,147.161.131.1,AT,HTTPS,200,443,10.138.69.97
2024-04-26T01:20:00Z,2024-04-26T01:30:00Z,147.161.161.82,AE,HTTPS,200,443,10.138.69.97
2024-04-26T01:20:00Z,2024-04-26T01:30:00Z,136.226.67.101,US,HTTPS,200,443,10.138.69.97
2024-04-26T01:20:00Z,2024-04-26T01:30:00Z,165.225.212.255,CA,HTTPS,200,443,10.138.69.97
2024-04-26T01:20:00Z,2024-04-26T01:30:00Z,136.226.64.114,US,HTTPS,200,443,10.138.69.97
2024-04-26T01:20:00Z,2024-04-26T01:30:00Z,165.225.240.79,NL,HTTPS,200,443,10.138.69.97
2024-04-26T01:20:00Z,2024-04-26T01:30:00Z,136.226.77.103,CA,HTTPS,200,443,10.138.69.97
2024-04-26T01:20:00Z,2024-04-26T01:30:00Z,165.225.26.101,DE,HTTPS,200,443,10.138.69.97
2024-04-26T01:20:00Z,2024-04-26T01:30:00Z,155.91.45.242,US,HTTPS,200,443,10.138.69.97
2024-04-26T01:20:00Z,2024-04-26T01:30:00Z,165.225.209.4,CA,HTTPS,200,443,10.138.69.97
2024-04-26T01:20:00Z,2024-04-26T01:30:00Z,147.161.131.1,AT,HTTPS,200,443,10.138.69.97
2024-04-26T01:30:00Z,2024-04-26T01:40:00Z,147.161.161.82,AE,HTTPS,200,443,10.138.69.97
2024-04-26T01:30:00Z,2024-04-26T01:40:00Z,136.226.67.101,US,HTTPS,200,443,10.138.69.97
2024-04-26T01:30:00Z,2024-04-26T01:40:00Z,165.225.212.255,CA,HTTPS,200,443,10.138.69.97
2024-04-26T01:30:00Z,2024-04-26T01:40:00Z,136.226.64.114,US,HTTPS,200,443,10.138.69.97
2024-04-26T01:30:00Z,2024-04-26T01:40:00Z,165.225.240.79,NL,HTTPS,200,443,10.138.69.97
2024-04-26T01:30:00Z,2024-04-26T01:40:00Z,94.188.248.74,IL,HTTPS,200,443,10.138.69.97
2024-04-26T01:30:00Z,2024-04-26T01:40:00Z,165.225.8.79,US,HTTPS,200,443,10.138.69.97
2024-04-26T01:30:00Z,2024-04-26T01:40:00Z,165.225.26.101,DE,HTTPS,200,443,10.138.69.97
2024-04-26T01:30:00Z,2024-04-26T01:40:00Z,155.91.45.242,US,HTTPS,200,443,10.138.69.97
2024-04-26T01:30:00Z,2024-04-26T01:40:00Z,165.225.209.4,CA,HTTPS,200,443,10.138.69.97
2024-04-26T01:40:00Z,2024-04-26T01:50:00Z,165.225.33.6,US,HTTPS,200,443,10.138.69.97
2024-04-26T01:40:00Z,2024-04-26T01:50:00Z,136.226.67.101,US,HTTPS,200,443,10.138.69.97
2024-04-26T01:40:00Z,2024-04-26T01:50:00Z,165.225.213.7,CA,HTTPS,200,443,10.138.69.97
2024-04-26T01:40:00Z,2024-04-26T01:50:00Z,165.225.8.79,US,HTTPS,200,443,10.138.69.97
2024-04-26T01:40:00Z,2024-04-26T01:50:00Z,136.226.77.103,CA,HTTPS,200,443,10.138.69.97
2024-04-26T01:40:00Z,2024-04-26T01:50:00Z,155.91.45.242,US,HTTPS,200,443,10.138.69.97
2024-04-26T01:40:00Z,2024-04-26T01:50:00Z,165.225.209.4,CA,HTTPS,200,443,10.138.69.97
2024-04-26T01:40:00Z,2024-04-26T01:50:00Z,147.161.131.1,AT,HTTPS,200,443,10.138.69.97
2024-04-26T01:40:00Z,2024-04-26T01:50:00Z,136.226.80.97,US,HTTPS,200,443,10.138.69.97
2024-04-26T01:50:00Z,2024-04-26T02:00:00Z,147.161.161.82,AE,HTTPS,200,443,10.138.69.97
2024-04-26T01:50:00Z,2024-04-26T02:00:00Z,136.226.67.101,US,HTTPS,200,443,10.138.69.97
2024-04-26T01:50:00Z,2024-04-26T02:00:00Z,165.225.213.7,CA,HTTPS,200,443,10.138.69.97
2024-04-26T01:50:00Z,2024-04-26T02:00:00Z,165.225.26.101,DE,HTTPS,200,443,10.138.69.97
2024-04-26T01:50:00Z,2024-04-26T02:00:00Z,155.91.45.242,US,HTTPS,200,443,10.138.69.97
2024-04-26T01:50:00Z,2024-04-26T02:00:00Z,165.225.209.4,CA,HTTPS,200,443,10.138.69.97
2024-04-26T01:50:00Z,2024-04-26T02:00:00Z,147.161.131.1,AT,HTTPS,200,443,10.138.69.97
2024-04-26T01:50:00Z,2024-04-26T02:00:00Z,136.226.80.97,US,HTTPS,200,443,10.138.69.97
2024-04-26T08:00:00Z,2024-04-26T08:10:00Z,136.226.67.101,US,HTTPS,200,443,10.138.69.97
2024-04-26T08:00:00Z,2024-04-26T08:10:00Z,165.225.213.7,CA,HTTPS,200,443,10.138.69.97
2024-04-26T08:00:00Z,2024-04-26T08:10:00Z,136.226.64.114,US,HTTPS,200,443,10.138.69.97
2024-04-26T08:00:00Z,2024-04-26T08:10:00Z,165.225.26.101,DE,HTTPS,200,443,10.138.69.97
2024-04-26T08:00:00Z,2024-04-26T08:10:00Z,155.91.45.242,US,HTTPS,200,443,10.138.69.97
2024-04-26T08:00:00Z,2024-04-26T08:10:00Z,165.225.209.4,CA,HTTPS,200,443,10.138.69.97
2024-04-26T08:00:00Z,2024-04-26T08:10:00Z,136.226.80.97,US,HTTPS,200,443,10.138.69.97
2024-04-26T08:10:00Z,2024-04-26T08:20:00Z,136.226.67.101,US,HTTPS,200,443,10.138.69.97
2024-04-26T08:10:00Z,2024-04-26T08:20:00Z,165.225.212.255,CA,HTTPS,200,443,10.138.69.97
2024-04-26T08:10:00Z,2024-04-26T08:20:00Z,94.188.248.74,IL,HTTPS,200,443,10.138.69.97
2024-04-26T08:10:00Z,2024-04-26T08:20:00Z,165.225.26.101,DE,HTTPS,200,443,10.138.69.97
2024-04-26T08:10:00Z,2024-04-26T08:20:00Z,155.91.45.242,US,HTTPS,200,443,10.138.69.97
2024-04-26T08:10:00Z,2024-04-26T08:20:00Z,165.225.209.4,CA,HTTPS,200,443,10.138.69.97
2024-04-26T08:10:00Z,2024-04-26T08:20:00Z,147.161.131.1,AT,HTTPS,200,443,10.138.69.97
2024-04-26T08:20:00Z,2024-04-26T08:30:00Z,147.161.161.82,AE,HTTPS,200,443,10.138.69.97
2024-04-26T08:20:00Z,2024-04-26T08:30:00Z,136.226.67.101,US,HTTPS,200,443,10.138.69.97
2024-04-26T08:20:00Z,2024-04-26T08:30:00Z,165.225.212.255,CA,HTTPS,200,443,10.138.69.97
2024-04-26T08:20:00Z,2024-04-26T08:30:00Z,198.235.24.81,US,HTTPS,200,443,10.138.69.97
2024-04-26T08:20:00Z,2024-04-26T08:30:00Z,94.188.248.74,IL,HTTPS,200,443,10.138.69.97
2024-04-26T08:20:00Z,2024-04-26T08:30:00Z,165.225.26.101,DE,HTTPS,200,443,10.138.69.97
2024-04-26T08:20:00Z,2024-04-26T08:30:00Z,155.91.45.242,US,HTTPS,200,443,10.138.69.97
2024-04-26T08:20:00Z,2024-04-26T08:30:00Z,165.225.209.4,CA,HTTPS,200,443,10.138.69.97
2024-04-26T08:20:00Z,2024-04-26T08:30:00Z,147.161.131.1,AT,HTTPS,200,443,10.138.69.97
2024-04-26T08:20:00Z,2024-04-26T08:30:00Z,136.226.80.97,US,HTTPS,200,443,10.138.69.97
2024-04-26T08:30:00Z,2024-04-26T08:40:00Z,147.161.161.82,AE,HTTPS,200,443,10.138.69.97
2024-04-26T08:30:00Z,2024-04-26T08:40:00Z,136.226.67.101,US,HTTPS,200,443,10.138.69.97
2024-04-26T08:30:00Z,2024-04-26T08:40:00Z,165.225.213.7,CA,HTTPS,200,443,10.138.69.97
2024-04-26T08:30:00Z,2024-04-26T08:40:00Z,136.226.64.114,US,HTTPS,200,443,10.138.69.97
2024-04-26T08:30:00Z,2024-04-26T08:40:00Z,136.226.77.103,CA,HTTPS,200,443,10.138.69.97
2024-04-26T08:30:00Z,2024-04-26T08:40:00Z,155.91.45.242,US,HTTPS,200,443,10.138.69.97
2024-04-26T08:30:00Z,2024-04-26T08:40:00Z,165.225.209.4,CA,HTTPS,200,443,10.138.69.97
2024-04-26T08:30:00Z,2024-04-26T08:40:00Z,147.161.131.1,AT,HTTPS,200,443,10.138.69.97
2024-04-26T08:40:00Z,2024-04-26T08:50:00Z,136.226.67.101,US,HTTPS,200,443,10.138.69.97
2024-04-26T08:40:00Z,2024-04-26T08:50:00Z,165.225.240.79,NL,HTTPS,200,443,10.138.69.97
2024-04-26T08:40:00Z,2024-04-26T08:50:00Z,165.225.26.101,DE,HTTPS,200,443,10.138.69.97
2024-04-26T08:40:00Z,2024-04-26T08:50:00Z,155.91.45.242,US,HTTPS,200,443,10.138.69.97
2024-04-26T08:40:00Z,2024-04-26T08:50:00Z,165.225.209.4,CA,HTTPS,200,443,10.138.69.97
2024-04-26T08:40:00Z,2024-04-26T08:50:00Z,147.161.131.1,AT,HTTPS,200,443,10.138.69.97
2024-04-26T08:40:00Z,2024-04-26T08:50:00Z,136.226.80.97,US,HTTPS,200,443,10.138.69.97
2024-04-26T08:50:00Z,2024-04-26T09:00:00Z,147.161.161.82,AE,HTTPS,200,443,10.138.69.97
2024-04-26T08:50:00Z,2024-04-26T09:00:00Z,165.225.33.6,US,HTTPS,200,443,10.138.69.97
2024-04-26T08:50:00Z,2024-04-26T09:00:00Z,136.226.67.101,US,HTTPS,200,443,10.138.69.97
2024-04-26T08:50:00Z,2024-04-26T09:00:00Z,136.226.64.114,US,HTTPS,200,443,10.138.69.97
2024-04-26T08:50:00Z,2024-04-26T09:00:00Z,165.225.240.79,NL,HTTPS,200,443,10.138.69.97
2024-04-26T08:50:00Z,2024-04-26T09:00:00Z,136.226.77.103,CA,HTTPS,200,443,10.138.69.97
2024-04-26T08:50:00Z,2024-04-26T09:00:00Z,165.225.26.101,DE,HTTPS,200,443,10.138.69.97
2024-04-26T08:50:00Z,2024-04-26T09:00:00Z,155.91.45.242,US,HTTPS,200,443,10.138.69.97
2024-04-26T08:50:00Z,2024-04-26T09:00:00Z,65.49.1.69,US,HTTPS,200,443,10.138.69.97
2024-04-26T08:50:00Z,2024-04-26T09:00:00Z,65.49.1.72,US,HTTPS,200,443,10.138.69.97
2024-04-26T08:50:00Z,2024-04-26T09:00:00Z,65.49.1.94,US,HTTPS,200,443,10.138.69.97
2024-04-26T08:50:00Z,2024-04-26T09:00:00Z,147.161.131.1,AT,HTTPS,200,443,10.138.69.97
2024-04-26T08:50:00Z,2024-04-26T09:00:00Z,136.226.80.97,US,HTTPS,200,443,10.138.69.97
2024-04-26T09:10:00Z,2024-04-26T09:20:00Z,147.161.161.82,AE,HTTPS,200,443,10.138.69.97
2024-04-26T09:10:00Z,2024-04-26T09:20:00Z,136.226.67.101,US,HTTPS,200,443,10.138.69.97
2024-04-26T09:10:00Z,2024-04-26T09:20:00Z,165.225.213.7,CA,HTTPS,200,443,10.138.69.97
2024-04-26T09:00:00Z,2024-04-26T09:10:00Z,165.225.33.6,US,HTTPS,200,443,10.138.69.97
2024-04-26T09:10:00Z,2024-04-26T09:20:00Z,165.225.240.79,NL,HTTPS,200,443,10.138.69.97
2024-04-26T09:00:00Z,2024-04-26T09:10:00Z,136.226.67.101,US,HTTPS,200,443,10.138.69.97
2024-04-26T09:00:00Z,2024-04-26T09:10:00Z,165.225.213.7,CA,HTTPS,200,443,10.138.69.97
2024-04-26T09:00:00Z,2024-04-26T09:10:00Z,136.226.64.114,US,HTTPS,200,443,10.138.69.97
2024-04-26T09:10:00Z,2024-04-26T09:20:00Z,136.226.77.103,CA,HTTPS,200,443,10.138.69.97
2024-04-26T09:10:00Z,2024-04-26T09:20:00Z,165.225.26.101,DE,HTTPS,200,443,10.138.69.97
2024-04-26T09:00:00Z,2024-04-26T09:10:00Z,136.226.77.103,CA,HTTPS,200,443,10.138.69.97
2024-04-26T09:00:00Z,2024-04-26T09:10:00Z,165.225.26.101,DE,HTTPS,200,443,10.138.69.97
2024-04-26T09:10:00Z,2024-04-26T09:20:00Z,155.91.45.242,US,HTTPS,200,443,10.138.69.97
2024-04-26T09:00:00Z,2024-04-26T09:10:00Z,65.49.1.104,US,HTTPS,200,443,10.138.69.97
2024-04-26T09:10:00Z,2024-04-26T09:20:00Z,165.225.209.4,CA,HTTPS,200,443,10.138.69.97
2024-04-26T09:00:00Z,2024-04-26T09:10:00Z,155.91.45.242,US,HTTPS,200,443,10.138.69.97
2024-04-26T09:00:00Z,2024-04-26T09:10:00Z,65.49.1.97,US,HTTPS,200,443,10.138.69.97
2024-04-26T09:00:00Z,2024-04-26T09:10:00Z,65.49.1.99,US,HTTPS,200,443,10.138.69.97
2024-04-26T09:00:00Z,2024-04-26T09:10:00Z,65.49.1.76,US,HTTPS,200,443,10.138.69.97
2024-04-26T09:00:00Z,2024-04-26T09:10:00Z,65.49.1.96,US,HTTPS,200,443,10.138.69.97
2024-04-26T09:00:00Z,2024-04-26T09:10:00Z,65.49.1.95,US,HTTPS,200,443,10.138.69.97
2024-04-26T09:10:00Z,2024-04-26T09:20:00Z,136.226.80.97,US,HTTPS,200,443,10.138.69.97
2024-04-26T09:00:00Z,2024-04-26T09:10:00Z,65.49.1.74,US,HTTPS,200,443,10.138.69.97
2024-04-26T09:00:00Z,2024-04-26T09:10:00Z,165.225.209.4,CA,HTTPS,200,443,10.138.69.97
2024-04-26T09:00:00Z,2024-04-26T09:10:00Z,65.49.1.69,US,HTTPS,200,443,10.138.69.97
2024-04-26T09:00:00Z,2024-04-26T09:10:00Z,147.161.131.1,AT,HTTPS,200,443,10.138.69.97
2024-04-26T09:20:00Z,2024-04-26T09:30:00Z,147.161.161.82,AE,HTTPS,200,443,10.138.69.97
2024-04-26T09:20:00Z,2024-04-26T09:30:00Z,136.226.67.101,US,HTTPS,200,443,10.138.69.97
2024-04-26T09:20:00Z,2024-04-26T09:30:00Z,165.225.240.79,NL,HTTPS,200,443,10.138.69.97
2024-04-26T09:20:00Z,2024-04-26T09:30:00Z,94.188.248.74,IL,HTTPS,200,443,10.138.69.97
2024-04-26T09:20:00Z,2024-04-26T09:30:00Z,165.225.26.101,DE,HTTPS,200,443,10.138.69.97
2024-04-26T09:20:00Z,2024-04-26T09:30:00Z,155.91.45.242,US,HTTPS,200,443,10.138.69.97
2024-04-26T09:20:00Z,2024-04-26T09:30:00Z,165.225.209.4,CA,HTTPS,200,443,10.138.69.97
2024-04-26T09:20:00Z,2024-04-26T09:30:00Z,147.161.131.1,AT,HTTPS,200,443,10.138.69.97
2024-04-26T09:30:00Z,2024-04-26T09:40:00Z,147.161.161.82,AE,HTTPS,200,443,10.138.69.97
2024-04-26T09:30:00Z,2024-04-26T09:40:00Z,136.226.67.101,US,HTTPS,200,443,10.138.69.97
2024-04-26T09:30:00Z,2024-04-26T09:40:00Z,136.226.64.114,US,HTTPS,200,443,10.138.69.97
2024-04-26T09:30:00Z,2024-04-26T09:40:00Z,94.188.248.74,IL,HTTPS,200,443,10.138.69.97
2024-04-26T09:30:00Z,2024-04-26T09:40:00Z,165.225.240.79,NL,HTTPS,200,443,10.138.69.97
2024-04-26T09:30:00Z,2024-04-26T09:40:00Z,165.225.26.101,DE,HTTPS,200,443,10.138.69.97
2024-04-26T09:30:00Z,2024-04-26T09:40:00Z,155.91.45.242,US,HTTPS,200,443,10.138.69.97
2024-04-26T09:30:00Z,2024-04-26T09:40:00Z,165.225.209.4,CA,HTTPS,200,443,10.138.69.97
2024-04-26T09:30:00Z,2024-04-26T09:40:00Z,147.161.131.1,AT,HTTPS,200,443,10.138.69.97
2024-04-26T09:40:00Z,2024-04-26T09:50:00Z,147.161.161.82,AE,HTTPS,200,443,10.138.69.97
2024-04-26T09:40:00Z,2024-04-26T09:50:00Z,165.225.33.6,US,HTTPS,200,443,10.138.69.97
2024-04-26T09:40:00Z,2024-04-26T09:50:00Z,136.226.67.101,US,HTTPS,200,443,10.138.69.97
2024-04-26T09:40:00Z,2024-04-26T09:50:00Z,165.225.212.255,CA,HTTPS,200,443,10.138.69.97
2024-04-26T09:40:00Z,2024-04-26T09:50:00Z,165.225.240.79,NL,HTTPS,200,443,10.138.69.97
2024-04-26T09:40:00Z,2024-04-26T09:50:00Z,136.226.77.103,CA,HTTPS,200,443,10.138.69.97
2024-04-26T09:40:00Z,2024-04-26T09:50:00Z,165.225.26.101,DE,HTTPS,200,443,10.138.69.97
2024-04-26T09:40:00Z,2024-04-26T09:50:00Z,155.91.45.242,US,HTTPS,200,443,10.138.69.97
2024-04-26T09:40:00Z,2024-04-26T09:50:00Z,165.225.209.4,CA,HTTPS,200,443,10.138.69.97
2024-04-26T09:40:00Z,2024-04-26T09:50:00Z,147.161.131.1,AT,HTTPS,200,443,10.138.69.97
2024-04-26T09:40:00Z,2024-04-26T09:50:00Z,136.226.80.97,US,HTTPS,200,443,10.138.69.97
2024-04-26T09:50:00Z,2024-04-26T10:00:00Z,136.226.67.101,US,HTTPS,200,443,10.138.69.97
2024-04-26T09:50:00Z,2024-04-26T10:00:00Z,165.225.213.7,CA,HTTPS,200,443,10.138.69.97
2024-04-26T09:50:00Z,2024-04-26T10:00:00Z,136.226.64.114,US,HTTPS,200,443,10.138.69.97
2024-04-26T09:50:00Z,2024-04-26T10:00:00Z,94.188.248.74,IL,HTTPS,200,443,10.138.69.97
2024-04-26T09:50:00Z,2024-04-26T10:00:00Z,165.225.240.79,NL,HTTPS,200,443,10.138.69.97
2024-04-26T09:50:00Z,2024-04-26T10:00:00Z,192.241.205.18,US,HTTPS,200,443,10.138.69.97
2024-04-26T09:50:00Z,2024-04-26T10:00:00Z,136.226.77.103,CA,HTTPS,200,443,10.138.69.97
2024-04-26T09:50:00Z,2024-04-26T10:00:00Z,165.225.26.101,DE,HTTPS,200,443,10.138.69.97
2024-04-26T09:50:00Z,2024-04-26T10:00:00Z,155.91.45.242,US,HTTPS,200,443,10.138.69.97
2024-04-26T09:50:00Z,2024-04-26T10:00:00Z,165.225.209.4,CA,HTTPS,200,443,10.138.69.97
2024-04-26T09:50:00Z,2024-04-26T10:00:00Z,147.161.131.1,AT,HTTPS,200,443,10.138.69.97
